en	ui_continue	20532064256	Q29udGludWU=	False
en	ui_try_again	114677411840	VHJ5IEFnYWlu	False
en	game_board_is_full	456404135936	Qm9hcmQgaXMgRnVsbA==	False
en	boot_loading	2808670482432	TG9hZGluZy4uLg==	False
en	gameboard_is_full	415929604141056	Qm9hcmQgaXMgRnVsbA==	False
en	ui_level	419233239298048	bGV2ZWw=	False
en	menu.nav.shop	880000000000000001	U2hvcA==	False
en	menu.nav.home	880000000000000002	SG9tZQ==	False
en	menu.nav.coming_soon	880000000000000003	Q29taW5nIFNvb24=	False
en	menu.play	880000000000000004	UGxheQ==	False
en	no_ads.cta	880000000000000005	Tk8gQURT	False
en	no_ads.title	880000000000000006	Tk8gQURT	False
en	no_ads.remove_interstitials	880000000000000007	UGVybWFuZW50bHkgcmVtb3ZlIGludGVycnVwdGluZyBhZHMh	False
en	no_ads.offline_play	880000000000000008	UGxheSB3aXRob3V0IGFuIGludGVybmV0IGNvbm5lY3Rpb24h	False
en	no_ads.rewarded_ads_remain	880000000000000009	T3B0aW9uYWwgcmV3YXJkZWQgYWRzIHJlbWFpbi4=	False
en	store.purchase_cancelled.title	880000000000000010	UFVSQ0hBU0UgQ0FOQ0VMTEVE	False
en	store.purchase_cancelled.description	880000000000000011	UHVyY2hhc2UgY2FuY2VsbGVkLg==	False
en	common.ok	880000000000000012	T0s=	False
en	settings.restore_purchases	880000000000000013	UmVzdG9yZSBQdXJjaGFzZXM=	False
en	settings.contact	880000000000000014	Q29udGFjdCBVcw==	False
en	settings.privacy	880000000000000015	UHJpdmFjeSBTZXR0aW5ncw==	False
en	settings.return_to_menu	880000000000000016	UmV0dXJuIHRvIE1lbnU=	False
en	settings.haptics	880000000000000017	SGFwdGljcw==	False
en	settings.sound	880000000000000018	U291bmRz	False
en	settings.title	880000000000000019	U0VUVElOR1M=	False
en	life.refill.title	880000000000000020	UmVmaWxsIFlvdXIgTGl2ZXMh	False
en	life.refill.watch_ad	880000000000000021	R0VU	False
en	life.refill.fill_now	880000000000000022	UmVmaWxsIE5vdw==	False
en	life.refill.next_label	880000000000000023	TmV4dCBsaWZlIGluOg==	False
en	life.rewarded.amount	880000000000000024	K3swfQ==	False
en	life.full	880000000000000025	TUFY	False
en	level.difficulty.hard	880000000000000026	SEFSRA==	False
en	level.difficulty.very_hard	880000000000000027	VkVSWSBIQVJE	False
en	shop.starter_pack.quantity	880000000000000028	eDM=	False
en	shop.gold_packs	880000000000000029	R29sZCBQYWNrcw==	False
en	shop.starter_pack.description	880000000000000030	U3RhcnQgZmFzdCB3aXRoIGdvbGQgYW5kIHBvd2VyZnVsIGJvb3N0ZXJzIQ==	False
en	shop.starter_pack.tagline	880000000000000031	QSBncmVhdCBzdGFydCE=	False
en	shop.starter_pack.name	880000000000000032	U3RhcnRlciBQYWNr	False
en	shop.no_ads.description	880000000000000033	UGVybWFuZW50bHkgcmVtb3ZlIGFsbCBhbm5veWluZyBhZHMh	False
en	shop.title	880000000000000034	U2hvcA==	False
en	common.quantity	880000000000000035	eHtxdWFudGl0eX0=	True
en	hud.level	880000000000000036	TGV2ZWwge2xldmVsfQ==	True
en	win.level_complete	880000000000000037	TEVWRUwge2xldmVsfSBDT01QTEVURSE=	True
en	win.rewards	880000000000000038	UkVXQVJEUw==	False
en	win.continue	880000000000000039	Q29udGludWU=	False
en	win.reward_multiplier	880000000000000040	eDIgUmV3YXJk	False
en	lose.level_title	880000000000000041	TEVWRUwge2xldmVsfQ==	True
en	lose.description	880000000000000042	WW91IExvc3Q=	False
en	lose.try_again	880000000000000043	VHJ5IEFnYWlu	False
en	lose.continue_to_menu	880000000000000044	Q29udGludWU=	False
en	give_up.title	880000000000000045	R2l2ZSBVcA==	False
en	give_up.confirm	880000000000000046	R2l2ZSBVcA==	False
en	give_up.life_warning	880000000000000047	WW91IHdpbGwgbG9zZSAxIGxpZmUh	False
en	booster.hand.name	880000000000000048	SEFORA==	False
en	booster.hand.description	880000000000000049	Q2hvb3NlIGFueSBib3ggYW5kIHVzZSBpdCByaWdodCBhd2F5Lg==	False
en	booster.shuffle.name	880000000000000050	U0hVRkZMRQ==	False
en	booster.shuffle.description	880000000000000051	U2h1ZmZsZSB0aGUgYm94ZXMgYW5kIGNyZWF0ZSBhIG5ldyBvcmRlciE=	False
en	booster.ufo.name	880000000000000052	VUZP	False
en	booster.ufo.description	880000000000000053	Q2xlYXIgdGhlIG1hcmJsZXMgZnJvbSB0aGUgY29udmV5b3Iu	False
en	cleanup_offer.cleanup	880000000000000054	Q2xlYW4gVXAh	False
en	cleanup_offer.quit	880000000000000055	RXhpdA==	False
en	fail_offer.title	880000000000000056	T1VUIE9GIFNQQUNFIQ==	False
en	fail_offer.description	880000000000000057	Q2xlYXIgdGhlIGJvYXJkIGFuZCBmcmVlIHVwIHNwYWNlIHRvIGtlZXAgcGxheWluZy4=	False
en	fail_offer.play_on	880000000000000058	UGxheSBPbiE=	False
en	fail_offer.offer_name	880000000000000059	U3BlY2lhbCBPZmZlcg==	False
en	fail_offer.free_cleanup	880000000000000060	Q29udGludWUgTGV2ZWwgRm9yIEZyZWU=	False
en	booster.unlock_level_prefix	880000000000000061	THY=	False
en	booster.claim	21084741340917760	Q0xBSU0=	False
en	no_connection.title	26453810227343360	Tk8gQ09OTkVDVElPTg==	False
en	no_connection.description	26453810277675008	SW50ZXJuZXQgaXMgcmVxdWlyZWQuClBsZWFzZSBtYWtlIHN1cmUgeW91IGhhdmUKYW4gYWN0aXZlIGNvbm5lY3Rpb24u	False
en	no_connection.refresh	26453810277675009	UmVmcmVzaA==	False
id	ui_try_again	114677411840	Q29iYSBMYWdp	False
id	ui_continue	20532064256	TGFuanV0a2Fu	False
id	game_board_is_full	456404135936	UGFwYW4gUGVudWg=	False
id	boot_loading	2808670482432	TWVtdWF0Li4u	False
id	gameboard_is_full	415929604141056	UGFwYW4gUGVudWg=	False
id	ui_level	419233239298048	bGV2ZWw=	False
id	menu.nav.shop	880000000000000001	VG9rbw==	False
id	menu.nav.home	880000000000000002	QmVyYW5kYQ==	False
id	menu.nav.coming_soon	880000000000000003	U2VnZXJhIEhhZGly	False
id	menu.play	880000000000000004	TWFpbg==	False
id	no_ads.cta	880000000000000005	VEFOUEEgSUtMQU4=	False
id	no_ads.title	880000000000000006	VEFOUEEgSUtMQU4=	False
id	no_ads.remove_interstitials	880000000000000007	SGFwdXMgaWtsYW4geWFuZyBtZW5nZ2FuZ2d1IHNlY2FyYSBwZXJtYW5lbiE=	False
id	no_ads.offline_play	880000000000000008	TWFpbiB0YW5wYSBrb25la3NpIGludGVybmV0IQ==	False
id	no_ads.rewarded_ads_remain	880000000000000009	SWtsYW4gYmVyaGFkaWFoIG9wc2lvbmFsIHRldGFwIHRlcnNlZGlhLg==	False
id	store.purchase_cancelled.title	880000000000000010	UEVNQkVMSUFOIERJQkFUQUxLQU4=	False
id	store.purchase_cancelled.description	880000000000000011	UGVtYmVsaWFuIGRpYmF0YWxrYW4u	False
id	common.ok	880000000000000012	T0s=	False
id	settings.restore_purchases	880000000000000013	UHVsaWhrYW4gUGVtYmVsaWFu	False
id	settings.contact	880000000000000014	SHVidW5naSBLYW1p	False
id	settings.privacy	880000000000000015	UGVuZ2F0dXJhbiBQcml2YXNp	False
id	settings.return_to_menu	880000000000000016	S2VtYmFsaSBrZSBNZW51	False
id	settings.haptics	880000000000000017	R2V0YXJhbg==	False
id	settings.sound	880000000000000018	U3VhcmE=	False
id	settings.title	880000000000000019	UEVOR0FUVVJBTg==	False
id	life.refill.title	880000000000000020	SXNpIFVsYW5nIE55YXdhbXUh	False
id	life.refill.watch_ad	880000000000000021	QU1CSUw=	False
id	life.refill.fill_now	880000000000000022	SXNpIFNla2FyYW5n	False
id	life.refill.next_label	880000000000000023	Tnlhd2EgYmVyaWt1dG55YSBkYWxhbTo=	False
id	life.rewarded.amount	880000000000000024	K3swfQ==	False
id	life.full	880000000000000025	TUFLUw==	False
id	level.difficulty.hard	880000000000000026	U1VMSVQ=	False
id	level.difficulty.very_hard	880000000000000027	U0FOR0FUIFNVTElU	False
id	shop.starter_pack.quantity	880000000000000028	eDM=	False
id	shop.gold_packs	880000000000000029	UGFrZXQgRW1hcw==	False
id	shop.starter_pack.description	880000000000000030	TXVsYWkgY2VwYXQgZGVuZ2FuIGVtYXMgZGFuIGJvb3N0ZXIga3VhdCE=	False
id	shop.starter_pack.tagline	880000000000000031	QXdhbCB5YW5nIGhlYmF0IQ==	False
id	shop.starter_pack.name	880000000000000032	UGFrZXQgUGVtdWxh	False
id	shop.no_ads.description	880000000000000033	SGFwdXMgc2VtdWEgaWtsYW4geWFuZyBtZW5nZ2FuZ2d1IHNlY2FyYSBwZXJtYW5lbiE=	False
id	shop.title	880000000000000034	VG9rbw==	False
id	common.quantity	880000000000000035	eHtxdWFudGl0eX0=	True
id	hud.level	880000000000000036	TGV2ZWwge2xldmVsfQ==	True
id	win.level_complete	880000000000000037	TEVWRUwge2xldmVsfSBTRUxFU0FJIQ==	True
id	win.rewards	880000000000000038	SEFESUFI	False
id	win.continue	880000000000000039	TGFuanV0a2Fu	False
id	win.reward_multiplier	880000000000000040	SGFkaWFoIHgy	False
id	lose.level_title	880000000000000041	TEVWRUwge2xldmVsfQ==	True
id	lose.description	880000000000000042	S2FtdSBLYWxhaA==	False
id	lose.try_again	880000000000000043	Q29iYSBMYWdp	False
id	lose.continue_to_menu	880000000000000044	TGFuanV0a2Fu	False
id	give_up.title	880000000000000045	TWVueWVyYWg=	False
id	give_up.confirm	880000000000000046	TWVueWVyYWg=	False
id	give_up.life_warning	880000000000000047	S2FtdSBha2FuIGtlaGlsYW5nYW4gMSBueWF3YSE=	False
id	booster.hand.name	880000000000000048	VEFOR0FO	False
id	booster.hand.description	880000000000000049	UGlsaWgga290YWsgeWFuZyBrYW11IGluZ2lua2FuIGRhbiBndW5ha2FuIGxhbmdzdW5nLg==	False
id	booster.shuffle.name	880000000000000050	QUNBSw==	False
id	booster.shuffle.description	880000000000000051	QWNhayBrb3RhayBkYW4gYnVhdCB1cnV0YW4gYmFydSE=	False
id	booster.ufo.name	880000000000000052	VUZP	False
id	booster.ufo.description	880000000000000053	QmVyc2loa2FuIGtlbGVyZW5nIGRhcmkga29udmV5b3Iu	False
id	cleanup_offer.cleanup	880000000000000054	QmVyc2loa2FuIQ==	False
id	cleanup_offer.quit	880000000000000055	S2VsdWFy	False
id	fail_offer.title	880000000000000056	S0VIQUJJU0FOIFJVQU5HIQ==	False
id	fail_offer.description	880000000000000057	QmVyc2loa2FuIHBhcGFuIGRhbiBrb3NvbmdrYW4gcnVhbmcgdW50dWsgdGVydXMgYmVybWFpbi4=	False
id	fail_offer.play_on	880000000000000058	TGFuanV0a2FuIQ==	False
id	fail_offer.offer_name	880000000000000059	UGVuYXdhcmFuIEtodXN1cw==	False
id	fail_offer.free_cleanup	880000000000000060	TGFuanV0a2FuIExldmVsIEdyYXRpcw==	False
id	booster.unlock_level_prefix	880000000000000061	THY=	False
id	booster.claim	21084741340917760	QU1CSUw=	False
id	no_connection.title	26453810227343360	VElEQUsgQURBIEtPTkVLU0k=	False
id	no_connection.description	26453810277675008	S29uZWtzaSBpbnRlcm5ldCBkaXBlcmx1a2FuLgpQYXN0aWthbiBBbmRhIG1lbWlsaWtpCmtvbmVrc2kgeWFuZyBha3RpZi4=	False
id	no_connection.refresh	26453810277675009	Q29iYSBMYWdp	False
pt-BR	ui_try_again	114677411840	VGVudGFyIE5vdmFtZW50ZQ==	False
pt-BR	ui_continue	20532064256	Q29udGludWFy	False
pt-BR	game_board_is_full	456404135936	TyBUYWJ1bGVpcm8gRXN0w6EgQ2hlaW8=	False
pt-BR	boot_loading	2808670482432	Q2FycmVnYW5kby4uLg==	False
pt-BR	gameboard_is_full	415929604141056	TyBUYWJ1bGVpcm8gRXN0w6EgQ2hlaW8=	False
pt-BR	ui_level	419233239298048	bsOtdmVs	False
pt-BR	menu.nav.shop	880000000000000001	TG9qYQ==	False
pt-BR	menu.nav.home	880000000000000002	SW7DrWNpbw==	False
pt-BR	menu.nav.coming_soon	880000000000000003	RW0gYnJldmU=	False
pt-BR	menu.play	880000000000000004	Sm9nYXI=	False
pt-BR	no_ads.cta	880000000000000005	U0VNIEFOw5pOQ0lPUw==	False
pt-BR	no_ads.title	880000000000000006	U0VNIEFOw5pOQ0lPUw==	False
pt-BR	no_ads.remove_interstitials	880000000000000007	UmVtb3ZhIHBlcm1hbmVudGVtZW50ZSBvcyBhbsO6bmNpb3MgcXVlIGludGVycm9tcGVtIG8gam9nbyE=	False
pt-BR	no_ads.offline_play	880000000000000008	Sm9ndWUgc2VtIGNvbmV4w6NvIGNvbSBhIGludGVybmV0IQ==	False
pt-BR	no_ads.rewarded_ads_remain	880000000000000009	T3MgYW7Dum5jaW9zIHByZW1pYWRvcyBvcGNpb25haXMgcGVybWFuZWNlbS4=	False
pt-BR	store.purchase_cancelled.title	880000000000000010	Q09NUFJBIENBTkNFTEFEQQ==	False
pt-BR	store.purchase_cancelled.description	880000000000000011	Q29tcHJhIGNhbmNlbGFkYS4=	False
pt-BR	common.ok	880000000000000012	T0s=	False
pt-BR	settings.restore_purchases	880000000000000013	UmVzdGF1cmFyIGNvbXByYXM=	False
pt-BR	settings.contact	880000000000000014	RmFsZSBjb25vc2Nv	False
pt-BR	settings.privacy	880000000000000015	Q29uZmlndXJhw6fDtWVzIGRlIHByaXZhY2lkYWRl	False
pt-BR	settings.return_to_menu	880000000000000016	Vm9sdGFyIGFvIG1lbnU=	False
pt-BR	settings.haptics	880000000000000017	VmlicmHDp8Ojbw==	False
pt-BR	settings.sound	880000000000000018	U29ucw==	False
pt-BR	settings.title	880000000000000019	Q09ORklHVVJBw4fDlUVT	False
pt-BR	life.refill.title	880000000000000020	UmVjYXJyZWd1ZSBzdWFzIHZpZGFzIQ==	False
pt-BR	life.refill.watch_ad	880000000000000021	UEVHQVI=	False
pt-BR	life.refill.fill_now	880000000000000022	UmVjYXJyZWdhciBhZ29yYQ==	False
pt-BR	life.refill.next_label	880000000000000023	UHLDs3hpbWEgdmlkYSBlbTo=	False
pt-BR	life.rewarded.amount	880000000000000024	K3swfQ==	False
pt-BR	life.full	880000000000000025	TcOBWC4=	False
pt-BR	level.difficulty.hard	880000000000000026	RElGw41DSUw=	False
pt-BR	level.difficulty.very_hard	880000000000000027	TVVJVE8gRElGw41DSUw=	False
pt-BR	shop.starter_pack.quantity	880000000000000028	eDM=	False
pt-BR	shop.gold_packs	880000000000000029	UGFjb3RlcyBkZSBvdXJv	False
pt-BR	shop.starter_pack.description	880000000000000030	Q29tZWNlIHLDoXBpZG8gY29tIG91cm8gZSByZWZvcsOnb3MgcG9kZXJvc29zIQ==	False
pt-BR	shop.starter_pack.tagline	880000000000000031	VW0gw7N0aW1vIGNvbWXDp28h	False
pt-BR	shop.starter_pack.name	880000000000000032	UGFjb3RlIGluaWNpYWw=	False
pt-BR	shop.no_ads.description	880000000000000033	UmVtb3ZhIHBlcm1hbmVudGVtZW50ZSB0b2RvcyBvcyBhbsO6bmNpb3MgaXJyaXRhbnRlcyE=	False
pt-BR	shop.title	880000000000000034	TG9qYQ==	False
pt-BR	common.quantity	880000000000000035	eHtxdWFudGl0eX0=	True
pt-BR	hud.level	880000000000000036	RmFzZSB7bGV2ZWx9	True
pt-BR	win.level_complete	880000000000000037	RkFTRSB7bGV2ZWx9IENPTkNMVcONREEh	True
pt-BR	win.rewards	880000000000000038	UkVDT01QRU5TQVM=	False
pt-BR	win.continue	880000000000000039	Q29udGludWFy	False
pt-BR	win.reward_multiplier	880000000000000040	UmVjb21wZW5zYSB4Mg==	False
pt-BR	lose.level_title	880000000000000041	RkFTRSB7bGV2ZWx9	True
pt-BR	lose.description	880000000000000042	Vm9jw6ogcGVyZGV1	False
pt-BR	lose.try_again	880000000000000043	VGVudGFyIG5vdmFtZW50ZQ==	False
pt-BR	lose.continue_to_menu	880000000000000044	Q29udGludWFy	False
pt-BR	give_up.title	880000000000000045	RGVzaXN0aXI=	False
pt-BR	give_up.confirm	880000000000000046	RGVzaXN0aXI=	False
pt-BR	give_up.life_warning	880000000000000047	Vm9jw6ogcGVyZGVyw6EgMSB2aWRhIQ==	False
pt-BR	booster.hand.name	880000000000000048	TcODTw==	False
pt-BR	booster.hand.description	880000000000000049	RXNjb2xoYSBhIGNhaXhhIHF1ZSBxdWlzZXIgZSB1c2UtYSBpbWVkaWF0YW1lbnRlLg==	False
pt-BR	booster.shuffle.name	880000000000000050	RU1CQVJBTEhBUg==	False
pt-BR	booster.shuffle.description	880000000000000051	RW1iYXJhbGhlIGFzIGNhaXhhcyBlIGNyaWUgdW1hIG5vdmEgb3JkZW0h	False
pt-BR	booster.ufo.name	880000000000000052	T1ZOSQ==	False
pt-BR	booster.ufo.description	880000000000000053	TGltcGUgYXMgYm9saW5oYXMgZGEgZXN0ZWlyYS4=	False
pt-BR	cleanup_offer.cleanup	880000000000000054	TGltcGFyIQ==	False
pt-BR	cleanup_offer.quit	880000000000000055	U2Fpcg==	False
pt-BR	fail_offer.title	880000000000000056	U0VNIEVTUEHDh08h	False
pt-BR	fail_offer.description	880000000000000057	TGltcGUgbyB0YWJ1bGVpcm8gZSBsaWJlcmUgZXNwYcOnbyBwYXJhIGNvbnRpbnVhciBqb2dhbmRvLg==	False
pt-BR	fail_offer.play_on	880000000000000058	Q29udGludWFyIQ==	False
pt-BR	fail_offer.offer_name	880000000000000059	T2ZlcnRhIEVzcGVjaWFs	False
pt-BR	fail_offer.free_cleanup	880000000000000060	Q29udGludWUgYSBmYXNlIGRlIGdyYcOnYQ==	False
pt-BR	booster.unlock_level_prefix	880000000000000061	TnY=	False
pt-BR	booster.claim	21084741340917760	UkVTR0FUQVI=	False
pt-BR	no_connection.title	26453810227343360	U0VNIENPTkVYw4NP	False
pt-BR	no_connection.description	26453810277675008	w4kgcHJlY2lzbyBlc3RhciBvbmxpbmUuClZlcmlmaXF1ZSBzZSB2b2PDqiB0ZW0KdW1hIGNvbmV4w6NvIGF0aXZhLg==	False
pt-BR	no_connection.refresh	26453810277675009	QXR1YWxpemFy	False
tr	game_board_is_full	456404135936	VGFodGEgRG9sdQ==	False
tr	ui_continue	20532064256	RGV2YW0gRXQ=	False
tr	ui_try_again	114677411840	VGVrcmFyIERlbmU=	False
tr	boot_loading	2808670482432	WcO8a2xlbml5b3IuLi4=	False
tr	gameboard_is_full	415929604141056	VGFodGEgRG9sdQ==	False
tr	ui_level	419233239298048	c2V2aXll	False
tr	menu.nav.shop	880000000000000001	TWHEn2F6YQ==	False
tr	menu.nav.home	880000000000000002	QW5hIFNheWZh	False
tr	menu.nav.coming_soon	880000000000000003	WWFrxLFuZGE=	False
tr	menu.play	880000000000000004	T3luYQ==	False
tr	no_ads.cta	880000000000000005	UkVLTEFNU0la	False
tr	no_ads.title	880000000000000006	UkVLTEFNU0la	False
tr	no_ads.remove_interstitials	880000000000000007	QXJheWEgZ2lyZW4gcmVrbGFtbGFyxLEga2FsxLFjxLEgb2xhcmFrIGthbGTEsXLEsW4h	False
tr	no_ads.offline_play	880000000000000008	xLBudGVybmV0IGJhxJ9sYW50xLFzxLEgb2xtYWRhbiBveW5hecSxbiE=	False
tr	no_ads.rewarded_ads_remain	880000000000000009	xLBzdGXEn2UgYmHEn2zEsSDDtmTDvGxsw7wgcmVrbGFtbGFyIGthbMSxci4=	False
tr	store.purchase_cancelled.title	880000000000000010	xLBQVEFMIEVExLBMRMSw	False
tr	store.purchase_cancelled.description	880000000000000011	U2F0xLFuIGFsxLFtIGlwdGFsIGVkaWxkaS4=	False
tr	common.ok	880000000000000012	VEFNQU0=	False
tr	settings.restore_purchases	880000000000000013	U2F0xLFuIEFsxLFuYW5sYXLEsSBHZXJpIFnDvGtsZQ==	False
tr	settings.contact	880000000000000014	Qml6ZSBVbGHFn8Sxbg==	False
tr	settings.privacy	880000000000000015	R2l6bGlsaWsgQXlhcmxhcsSx	False
tr	settings.return_to_menu	880000000000000016	TWVuw7x5ZSBEw7Zu	False
tr	settings.haptics	880000000000000017	VGl0cmXFn2lt	False
tr	settings.sound	880000000000000018	U2VzbGVy	False
tr	settings.title	880000000000000019	QVlBUkxBUg==	False
tr	life.refill.title	880000000000000020	S2FscGxlcmluaSBEb2xkdXIh	False
tr	life.refill.watch_ad	880000000000000021	QUw=	False
tr	life.refill.fill_now	880000000000000022	xZ5pbWRpIERvbGR1cg==	False
tr	life.refill.next_label	880000000000000023	U29ucmFraSBrYWxwIHPDvHJlc2k6	False
tr	life.rewarded.amount	880000000000000024	K3swfQ==	False
tr	life.full	880000000000000025	TUFLUw==	False
tr	level.difficulty.hard	880000000000000026	Wk9S	False
tr	level.difficulty.very_hard	880000000000000027	w4dPSyBaT1I=	False
tr	shop.starter_pack.quantity	880000000000000028	eDM=	False
tr	shop.gold_packs	880000000000000029	QWx0xLFuIFBha2V0bGVyaQ==	False
tr	shop.starter_pack.description	880000000000000030	QWx0xLFuIHZlIGfDvMOnbMO8IGRlc3Rla2xlcmxlIG95dW5hIGjEsXpsxLEgYmHFn2xhIQ==	False
tr	shop.starter_pack.tagline	880000000000000031	SGFyaWthIGJpciBiYcWfbGFuZ8Sxw6ch	False
tr	shop.starter_pack.name	880000000000000032	QmHFn2xhbmfEscOnIFBha2V0aQ==	False
tr	shop.no_ads.description	880000000000000033	VMO8bSByYWhhdHPEsXogZWRpY2kgcmVrbGFtbGFyxLEga2FsxLFjxLEgb2xhcmFrIGthbGTEsXIh	False
tr	shop.title	880000000000000034	TWHEn2F6YQ==	False
tr	common.quantity	880000000000000035	eHtxdWFudGl0eX0=	True
tr	hud.level	880000000000000036	U2V2aXllIHtsZXZlbH0=	True
tr	win.level_complete	880000000000000037	U0VWxLBZRSB7bGV2ZWx9IFRBTUFNTEFOREkh	True
tr	win.rewards	880000000000000038	w5ZEw5xMTEVS	False
tr	win.continue	880000000000000039	RGV2YW0gRXQ=	False
tr	win.reward_multiplier	880000000000000040	eDIgw5Zkw7xs	False
tr	lose.level_title	880000000000000041	U0VWxLBZRSB7bGV2ZWx9	True
tr	lose.description	880000000000000042	WWVuaWxkaW4=	False
tr	lose.try_again	880000000000000043	VGVrcmFyIERlbmU=	False
tr	lose.continue_to_menu	880000000000000044	RGV2YW0gRXQ=	False
tr	give_up.title	880000000000000045	UGVzIEV0	False
tr	give_up.confirm	880000000000000046	UGVzIEV0	False
tr	give_up.life_warning	880000000000000047	MSBrYWxwIGtheWJlZGVjZWtzaW4h	False
tr	booster.hand.name	880000000000000048	RUw=	False
tr	booster.hand.description	880000000000000049	xLBzdGVkacSfaW4ga3V0dXl1IHNlw6cgdmUgaGVtZW4ga3VsbGFuLg==	False
tr	booster.shuffle.name	880000000000000050	S0FSScWeVElS	False
tr	booster.shuffle.description	880000000000000051	S3V0dWxhcsSxIGthcsSxxZ90xLFyIHZlIHllbmkgYmlyIHPEsXJhIG9sdcWfdHVyIQ==	False
tr	booster.ufo.name	880000000000000052	VUZP	False
tr	booster.ufo.description	880000000000000053	S29udmV5w7ZyZGVraSBtaXNrZXRsZXJpIHRlbWl6bGUu	False
tr	cleanup_offer.cleanup	880000000000000054	VGVtaXpsZSE=	False
tr	cleanup_offer.quit	880000000000000055	w4fEsWvEscWf	False
tr	fail_offer.title	880000000000000056	WUVSIEtBTE1BREkh	False
tr	fail_offer.description	880000000000000057	T3luYW1heWEgZGV2YW0gZXRtZWsgacOnaW4gdGFodGF5xLEgdGVtaXpsZSB2ZSB5ZXIgYcOnLg==	False
tr	fail_offer.play_on	880000000000000058	RGV2YW0gRXQh	False
tr	fail_offer.offer_name	880000000000000059	w5Z6ZWwgVGVrbGlm	False
tr	fail_offer.free_cleanup	880000000000000060	QsO2bMO8bWUgw5xjcmV0c2l6IERldmFtIEV0	False
tr	booster.unlock_level_prefix	880000000000000061	U3Y=	False
tr	booster.claim	21084741340917760	QUw=	False
tr	no_connection.title	26453810227343360	QkHEnkxBTlRJIFlPSw==	False
tr	no_connection.description	26453810277675008	xLBudGVybmV0IGdlcmVraXlvciwKbMO8dGZlbiBha3RpZiBiaXIgYmHEn2xhbnTEsQpvbGR1xJ91bmRhbiBlbWluIG9sdW4u	False
tr	no_connection.refresh	26453810277675009	WWVuaWxl	False
